[
 {
   "ItemNumber": 1,
   "Inventory_Item_ID": 155,
   "Description": "Sentinel Deluxe Desktop",
   "List_Price_Per_Unit": 1969
 },
 {
   "ItemNumber": 2,
   "Inventory_Item_ID": 249,
   "Description": "Hard Drive - 250GB SSD",
   "List_Price_Per_Unit": 899
 },
 {
   "ItemNumber": 3,
   "Inventory_Item_ID": 436,
   "Description": "Lightning Inkjet Printer",
   "List_Price_Per_Unit": 300
 },
 {
   "ItemNumber": 4,
   "Inventory_Item_ID": 2848,
   "Description": "Vision Pad DX - Mobile Computer",
   "List_Price_Per_Unit": 249
 },
 {
   "ItemNumber": 5,
   "Inventory_Item_ID": 190878,
   "Description": "Vision Pad X100 - Mobile Computer",
   "List_Price_Per_Unit": 249
 },
 {
   "ItemNumber": 6,
   "Inventory_Item_ID": 2155,
   "Description": "Sentinel Standard Desktop - Rugged",
   "List_Price_Per_Unit": 1900
 },
 {
   "ItemNumber": 7,
   "Inventory_Item_ID": 174762,
   "Description": "205 Digital Camera",
   "List_Price_Per_Unit": 215
 },
 {
   "ItemNumber": 8,
   "Inventory_Item_ID": 12023,
   "Description": "Digital Camera, Professional",
   "List_Price_Per_Unit": 487.8
 },
 {
   "ItemNumber": 9,
   "Inventory_Item_ID": 12031,
   "Description": "Television 102",
   "List_Price_Per_Unit": 3749.99
 },
 {
   "ItemNumber": 10,
   "Inventory_Item_ID": 12029,
   "Description": "Television 96",
   "List_Price_Per_Unit": 2608.69
 }
]