<assembly xmlns="http://maven.apache.org/plugins/maven-assembly-plugin/assembly/1.1.3"
    xmlns:xsi="http://www.w3.org/2001/XMLSchema-instance"
    xsi:schemaLocation="http://maven.apache.org/plugins/maven-assembly-plugin/assembly/1.1.3 http://maven.apache.org/xsd/assembly-1.1.3.xsd">
  <id>dist</id>
  <formats>
    <format>zip</format>
  </formats>
  <includeBaseDirectory>false</includeBaseDirectory>
  <dependencySets>
  <dependencySet>
    <outputDirectory>lib</outputDirectory>
  </dependencySet>
</dependencySets>

  <fileSets>
<fileSet>
  <directory>${project.build.directory}</directory>
  <outputDirectory>lib</outputDirectory>
  <includes>
    <include>*.jar</include>
  </includes>
</fileSet>
<fileSet>
  <directory>${project.basedir}</directory>
  <outputDirectory>/</outputDirectory>
  <includes>
    <include>manifest.json</include> 	
  </includes>
</fileSet> 
  
  </fileSets>
</assembly>
