[
  {
     "customerNumber":"1"
    ,"customerName":"ABC Telecommunications"
    ,"address1":"1021 Fifth Avenue"
    ,"address2":"New York, NY 10022"
    ,"customerFirstname":"Vincent"
    ,"customerLastname":"DiNatale"
    ,"city":"New York"
	,"state":"NY"
    ,"country":"USA"
    ,"zip":"10022"
    ,"customerEmail":"vincent.dinatale@abctelecommunications.com"
    ,"lines":[]
  },
  {
     "customerNumber":"2"
    ,"customerName":"MedChoice - Integrated Delivery Network"
    ,"address1":"333 Lexington Ave"
    ,"address2":"New York, NY 10000"
    ,"customerFirstname":"Louis"
    ,"customerLastname":"Wohl"
    ,"city":"New York"
	,"state":"NY"
    ,"country":"USA"
    ,"zip":"10000"
    ,"customerEmail":"louis.wohl@medchoice.com"
    ,"lines":[]
  },
  {
     "customerNumber":"3"
    ,"customerName":"Bronco Drilling Machinery"
    ,"address1":"150 East 50th Street"
    ,"address2":"New York, NY 10023"
    ,"customerFirstname":"Jack"
    ,"customerLastname":"Thomas"
    ,"city":"New York"
	,"state":"NY"
    ,"country":"USA"
    ,"zip":"10022"
    ,"customerEmail":"jack.thomas@broncodrilling.com"
    ,"lines":[]
  },
  {
     "customerNumber":"4"
    ,"customerName":"BHB Technologies"
    ,"address1":"522 West 38th Street"
    ,"address2":"New York, NY 10018"
    ,"customerFirstname":"Robbie"
    ,"customerLastname":"Hun"
    ,"city":"New York"
	,"state":"NY"
    ,"country":"USA"
    ,"zip":"10018"
    ,"customerEmail":"robbie.hun@bhbtech.com"
    ,"lines":[]
  },
  {
     "customerNumber":"5"
    ,"customerName":"CIC Management Inc."
    ,"address1":"68 Church Street"
    ,"address2":"New York, NY 10000"
    ,"customerFirstname":"Lucy"
    ,"customerLastname":"Leu"
    ,"city":"New York"
	,"state":"NY"
    ,"country":"USA"
    ,"zip":"10000"
    ,"customerEmail":"lucy.leu@cicmgt.com"
    ,"lines":[]
  },
  {
     "customerNumber":"6"
    ,"customerName":"ABC Application Software"
    ,"address1":"536 Madison Avenue DE"
    ,"address2":"New York, NY 10012"
    ,"customerFirstname":"Lenore"
    ,"customerLastname":"Soifer"
    ,"city":"New York"
	,"state":"NY"
    ,"country":"USA"
    ,"zip":"10012"
    ,"customerEmail":"lenore.soifer@abcsoftware.com"
    ,"lines":[]
  },
  {
     "customerNumber":"7"
    ,"customerName":"Capital Investments Group"
    ,"address1":"400 Madison Avenue , Suite 7000"
    ,"address2":"New York, NY 10024"
    ,"customerFirstname":"James"
    ,"customerLastname":"Roman"
    ,"city":"New York"
	,"state":"NY"
    ,"country":"USA"
    ,"zip":"10024"
    ,"customerEmail":"james.roman@capital_investments.com"
    ,"lines":[]
  },
  {
     "customerNumber":"8"
    ,"customerName":"Carbon Chemical Corporation"
    ,"address1":"502 East 81st Street"
    ,"address2":"New York, NY 10028"
    ,"customerFirstname":"Loren"
    ,"customerLastname":"Gab"
    ,"city":"New York"
	,"state":"NY"
    ,"country":"USA"
    ,"zip":"10028"
    ,"customerEmail":"loren.gab@carbon_chem.com"
    ,"lines":[]
  },
  {
     "customerNumber":"9"
    ,"customerName":"Capp Worldwide Services Inc."
    ,"address1":"32 Ave of the Americas"
    ,"address2":"New York, NY 10013"
    ,"customerFirstname":"Paul"
    ,"customerLastname":"Pub"
    ,"city":"New York"
	,"state":"NY"
    ,"country":"USA"
    ,"zip":"10013"
    ,"customerEmail":"paul.pub@cappww.com"
    ,"lines":[]
  },
  {
     "customerNumber":"10"
    ,"customerName":"Astro-Energy Systems"
    ,"address1":"35 East 76th Street"
    ,"address2":"New York, NY 10021"
    ,"customerFirstname":"Jenny"
    ,"customerLastname":"Roy"
    ,"city":"New York"
	,"state":"NY"
    ,"country":"USA"
    ,"zip":"10021"
    ,"customerEmail":"jenny.roy@astro_energy.com"
    ,"lines":[]
  }
]