[{
        "ItemNumber": 1,
        "Inventory_Item_ID": 2155,
        "Description": "Sentinel Standard Desktop - Rugged",
        "List_Price_Per_Unit": 899
    },
    {
        "ItemNumber": 2,
        "Inventory_Item_ID": 137,
        "Description": "Sentinel Custom Desktop",
        "List_Price_Per_Unit": 249
    },
    {
        "ItemNumber": 3,
        "Inventory_Item_ID": 174762,
        "Description": "205 Digital Camera",
        "List_Price_Per_Unit": 300
    },
    {
        "ItemNumber": 4,
        "Inventory_Item_ID": 1209,
        "Description": "Digital Camera",
        "List_Price_Per_Unit": 300
    },
    {
        "ItemNumber": 5,
        "Inventory_Item_ID": 4816,
        "Description": "Vision Pad ZX - Mobile Computer",
        "List_Price_Per_Unit": 249
    },
    {
        "ItemNumber": 6,
        "Inventory_Item_ID": 1777,
        "Description": "Motherboard, 450 Services",
        "List_Price_Per_Unit": 487.8
    }
]